season,team,projected_total_dvoa,ending_total_dvoa,ending_pass_dvoa,ending_rush_dvoa,ending_st_dvoa
2006,ARI,-0.175,-0.243,-0.108,0.074,-0.061
2006,ATL,0.084,-0.055,0.004,0.013,-0.046
2006,BAL,-0.003,0.259,0.006,-0.215,0.039
2006,BUF,-0.233,-0.027,-0.082,0.016,0.071
2006,CAR,0.111,0.041,-0.022,-0.095,-0.032
2006,CHI,0.112,0.246,-0.044,-0.203,0.087
2006,CIN,0.191,0.07,0.129,0.073,0.014
2006,CLE,-0.088,-0.142,-0.123,0.053,0.033
2006,DAL,-0.024,0.073,0.094,0.017,-0.005
2006,DEN,0.183,0.009,-0.026,-0.029,0.006
2006,DET,-0.087,-0.181,-0.102,0.109,0.03
2006,GB,-0.134,-0.051,-0.038,-0.034,-0.048
2006,HOU,-0.21,-0.177,-0.059,0.096,-0.022
2006,IND,0.276,0.183,0.284,0.065,-0.036
2006,JAX,0.042,0.233,0.073,-0.165,-0.005
2006,KC,0.194,0.031,0.053,0.035,0.013
2006,LAC,0.212,0.297,0.221,-0.027,0.049
2006,LAR,-0.246,-0.155,0.005,0.107,-0.053
2006,MIA,-0.004,-0.044,-0.106,-0.071,-0.009
2006,MIN,-0.194,-0.102,-0.157,-0.098,-0.044
2006,NE,0.068,0.218,0.129,-0.06,0.029
2006,NO,-0.341,0.077,0.084,0.014,0.006
2006,NYG,0.02,0.113,0.099,-0.013,0.001
2006,NYJ,-0.267,0.042,0.042,0.038,0.037
2006,OAK,0.018,-0.315,-0.345,-0.069,-0.039
2006,PHI,0.12,0.216,0.196,-0.045,-0.025
2006,PIT,0.156,0.09,0.094,-0.046,-0.05
2006,SEA,0.398,-0.121,-0.109,0.04,0.029
2006,SF,-0.256,-0.194,-0.083,0.112,0.001
2006,TB,0,-0.195,-0.148,0.049,0.003
2006,TEN,-0.074,-0.078,-0.071,0.034,0.028
2006,WAS,0.072,-0.112,0.029,0.16,0.019
2007,ARI,-0.186,-0.133,-0.018,0.07,-0.045
2007,ATL,0.002,-0.254,-0.184,0.07,-0.001
2007,BAL,0.12,-0.065,-0.14,-0.075,0.001
2007,BUF,-0.047,-0.033,-0.08,0.002,0.049
2007,CAR,0.105,-0.227,-0.159,0.009,-0.058
2007,CHI,0.038,-0.04,-0.188,-0.036,0.112
2007,CIN,-0.035,-0.02,0.121,0.132,-0.008
2007,CLE,-0.097,0.094,0.092,0.078,0.081
2007,DAL,-0.098,0.26,0.185,-0.079,-0.004
2007,DEN,0.002,-0.022,0.078,0.048,-0.051
2007,DET,-0.095,-0.209,-0.076,0.098,-0.035
2007,GB,0.057,0.214,0.146,-0.038,0.03
2007,HOU,-0.173,0.03,0.047,0.086,0.069
2007,IND,0.07,0.295,0.208,-0.156,-0.069
2007,JAX,0.247,0.182,0.159,-0.023,0
2007,KC,-0.256,-0.206,-0.18,-0.014,-0.04
2007,LAC,0.088,0.173,0.038,-0.084,0.051
2007,LAR,-0.243,-0.304,-0.205,0.052,-0.047
2007,MIA,-0.143,-0.271,-0.095,0.149,-0.027
2007,MIN,-0.09,0.046,-0.009,-0.03,0.025
2007,NE,0.319,0.523,0.376,-0.11,0.036
2007,NO,-0.045,-0.071,0.041,0.07,-0.043
2007,NYG,-0.035,0.045,0.016,-0.037,-0.009
2007,NYJ,0.078,-0.156,-0.078,0.095,0.016
2007,OAK,-0.122,-0.297,-0.152,0.091,-0.055
2007,PHI,0.26,0.106,0.144,-0.026,-0.064
2007,PIT,0.102,0.156,0.061,-0.11,-0.016
2007,SEA,0.001,0.105,0.047,-0.046,0.012
2007,SF,-0.015,-0.354,-0.314,0.091,0.052
2007,TB,0.105,0.139,0.042,-0.094,0.003
2007,TEN,-0.066,0.11,-0.017,-0.13,-0.004
2007,WAS,0.112,0.098,0.01,-0.092,-0.004
2008,ARI,-0.022,-0.071,0.021,0.047,-0.046
2008,ATL,-0.417,0.135,0.101,0.004,0.038
2008,BAL,0.031,0.271,-0.006,-0.277,0.001
2008,BUF,-0.156,-0.078,-0.072,0.078,0.071
2008,CAR,0.029,0.163,0.099,-0.036,0.027
2008,CHI,-0.03,0.06,-0.085,-0.097,0.047
2008,CIN,-0.03,-0.207,-0.171,0.009,-0.028
2008,CLE,-0.142,-0.191,-0.182,0.059,0.049
2008,DAL,0.107,0.055,0.026,-0.065,-0.036
2008,DEN,0.011,-0.063,0.187,0.181,-0.07
2008,DET,-0.227,-0.439,-0.229,0.223,0.013
2008,GB,0.315,0.069,0.058,-0.016,-0.005
2008,HOU,0.012,-0.051,0.072,0.122,-0.001
2008,IND,0.217,0.115,0.123,-0.015,-0.023
2008,JAX,0.16,-0.07,0.042,0.104,-0.008
2008,KC,-0.176,-0.302,-0.092,0.141,-0.07
2008,LAC,0.255,0.091,0.147,0.075,0.018
2008,LAR,-0.284,-0.392,-0.265,0.122,-0.006
2008,MIA,-0.223,0.04,0.125,0.026,-0.059
2008,MIN,0.225,0.031,-0.066,-0.176,-0.079
2008,NE,0.4,0.164,0.11,-0.012,0.042
2008,NO,-0.004,0.116,0.16,0.036,-0.009
2008,NYG,0.052,0.273,0.177,-0.077,0.019
2008,NYJ,-0.059,0.022,0.006,0.016,0.032
2008,OAK,-0.248,-0.205,-0.245,0.025,0.065
2008,PHI,0.323,0.289,0.059,-0.214,0.017
2008,PIT,0.056,0.249,-0.006,-0.269,-0.015
2008,SEA,0.193,-0.235,-0.139,0.125,0.029
2008,SF,-0.288,-0.149,-0.143,0.058,0.052
2008,TB,0.188,0.075,0.009,-0.071,-0.005
2008,TEN,-0.038,0.208,0.012,-0.182,0.013
2008,WAS,-0.103,0.044,0.057,-0.014,-0.026
2009,ARI,-0.202,0.163,0.09,-0.056,0.017
2009,ATL,-0.172,0.02,0.06,0.027,-0.013
2009,BAL,0.146,0.236,0.108,-0.106,0.022
2009,BUF,-0.287,-0.104,-0.181,-0.066,0.011
2009,CAR,-0.005,0.038,-0.004,-0.08,-0.037
2009,CHI,0.241,-0.161,-0.161,0.047,0.047
2009,CIN,-0.057,0.003,0,-0.015,-0.013
2009,CLE,-0.107,-0.209,-0.176,0.129,0.097
2009,DAL,-0.011,0.261,0.211,-0.041,0.01
2009,DEN,-0.249,0.059,-0.01,-0.073,-0.004
2009,DET,-0.098,-0.483,-0.275,0.155,-0.053
2009,GB,-0.067,0.265,0.182,-0.157,-0.075
2009,HOU,-0.102,0.139,0.128,0.013,0.024
2009,IND,0.33,0.159,0.167,-0.003,-0.011
2009,JAX,0.204,-0.092,0.022,0.096,-0.018
2009,KC,-0.026,-0.294,-0.178,0.095,-0.021
2009,LAC,0.368,0.128,0.182,0.056,0.002
2009,LAR,0.063,-0.434,-0.303,0.147,0.017
2009,MIA,-0.108,0.016,0.009,0.012,0.018
2009,MIN,0.174,0.244,0.113,-0.084,0.047
2009,NE,0.256,0.267,0.255,0.001,0.013
2009,NO,-0.081,0.242,0.247,-0.029,-0.034
2009,NYG,0.132,0.063,0.071,-0.012,-0.02
2009,NYJ,-0.201,0.146,-0.109,-0.227,0.028
2009,OAK,-0.125,-0.324,-0.237,0.083,-0.003
2009,PHI,0.063,0.258,0.076,-0.134,0.048
2009,PIT,0.207,0.171,0.167,-0.053,-0.048
2009,SEA,0.131,-0.27,-0.18,0.098,0.008
2009,SF,-0.226,-0.055,-0.143,-0.099,-0.011
2009,TB,-0.119,-0.231,-0.177,0.089,0.035
2009,TEN,0.18,-0.084,0.027,0.094,-0.017
2009,WAS,-0.075,-0.138,-0.092,0.029,-0.017
2010,ARI,-0.053,-0.328,-0.334,0.036,0.042
2010,ATL,0.191,0.191,0.079,-0.049,0.063
2010,BAL,0.315,0.233,0.06,-0.112,0.06
2010,BUF,-0.113,-0.175,-0.112,0.062,-0.001
2010,CAR,-0.078,-0.412,-0.37,0.027,-0.015
2010,CHI,0.141,0.027,-0.122,-0.076,0.074
2010,CIN,-0.026,-0.066,0.012,0.043,-0.035
2010,CLE,-0.206,-0.068,-0.051,0.045,0.027
2010,DAL,0.027,-0.091,-0.013,0.084,0.006
2010,DEN,-0.066,-0.205,-0.016,0.164,-0.026
2010,DET,-0.332,-0.006,-0.004,0.028,0.026
2010,GB,0.155,0.197,0.104,-0.118,-0.024
2010,HOU,-0.185,0.02,0.181,0.144,-0.017
2010,IND,0.203,0.044,0.148,0.041,-0.063
2010,JAX,-0.114,-0.091,0.041,0.179,0.048
2010,KC,-0.007,-0.023,0.011,0.014,-0.021
2010,LAC,-0.055,0.123,0.127,-0.098,-0.102
2010,LAR,-0.22,-0.15,-0.157,0.001,0.008
2010,MIA,0.129,0.027,0.008,-0.055,-0.037
2010,MIN,0.135,-0.079,-0.105,-0.04,-0.014
2010,NE,0.214,0.457,0.382,-0.027,0.047
2010,NO,0.096,0.119,0.074,-0.06,-0.015
2010,NYG,0.088,0.127,0.072,-0.113,-0.058
2010,NYJ,0.124,0.172,0.031,-0.084,0.058
2010,OAK,-0.305,-0.055,-0.085,-0.012,0.018
2010,PHI,0.144,0.232,0.153,-0.055,0.023
2010,PIT,0.268,0.314,0.107,-0.203,0.004
2010,SEA,-0.067,-0.199,-0.172,0.091,0.064
2010,SF,-0.192,-0.112,-0.111,-0.014,-0.015
2010,TB,-0.115,0.011,0.077,0.06,-0.005
2010,TEN,-0.068,0.038,-0.058,-0.043,0.053
2010,WAS,0.12,-0.201,-0.086,0.092,-0.023
2011,ARI,-0.165,-0.16,-0.139,0.033,0.012
2011,ATL,0.084,0.142,0.061,-0.093,-0.013
2011,BAL,0.138,0.145,0.033,-0.168,-0.056
2011,BUF,-0.039,-0.099,0.014,0.096,-0.017
2011,CAR,-0.148,-0.038,0.179,0.153,-0.065
2011,CHI,0.064,0.009,-0.185,-0.109,0.085
2011,CIN,-0.122,-0.003,-0.017,0.009,0.023
2011,CLE,-0.023,-0.163,-0.112,0.063,0.013
2011,DAL,-0.074,0.082,0.082,-0.02,-0.021
2011,DEN,-0.152,-0.159,-0.111,0.046,-0.002
2011,DET,-0.03,0.132,0.078,-0.106,-0.051
2011,GB,0.109,0.246,0.296,0.068,0.018
2011,HOU,0.065,0.178,0.084,-0.087,0.007
2011,IND,0.012,-0.364,-0.189,0.113,-0.062
2011,JAX,0.015,-0.199,-0.255,-0.078,-0.022
2011,KC,-0.125,-0.171,-0.18,-0.018,-0.009
2011,LAC,0.218,-0.01,0.118,0.112,-0.016
2011,LAR,-0.142,-0.338,-0.273,0.017,-0.048
2011,MIA,0.082,0.014,-0.062,-0.051,0.025
2011,MIN,-0.03,-0.189,-0.092,0.056,-0.041
2011,NE,0.288,0.24,0.301,0.103,0.041
2011,NO,0.093,0.283,0.291,0.017,0.01
2011,NYG,0.064,0.059,0.109,0.053,0.003
2011,NYJ,0.171,0.099,-0.096,-0.139,0.056
2011,OAK,-0.149,-0.05,0.044,0.083,-0.01
2011,PHI,0.237,0.168,0.114,-0.054,0
2011,PIT,0.317,0.24,0.115,-0.107,0.017
2011,SEA,-0.225,-0.055,-0.097,-0.041,0.002
2011,SF,-0.071,0.192,-0.052,-0.166,0.078
2011,TB,-0.081,-0.251,-0.103,0.154,0.006
2011,TEN,-0.201,0.039,-0.021,0.004,0.063
2011,WAS,-0.109,-0.083,-0.06,0.01,-0.012
2012,ARI,-0.199,-0.169,-0.298,-0.117,0.011
2012,ATL,0.216,0.106,0.076,-0.029,0.001
2012,BAL,0.104,0.088,0.037,0.039,0.09
2012,BUF,0.027,-0.11,-0.035,0.102,0.027
2012,CAR,0.079,0.09,0.097,-0.04,-0.048
2012,CHI,0.147,0.156,-0.12,-0.228,0.047
2012,CIN,-0.029,0.052,-0.04,-0.051,0.041
2012,CLE,-0.227,-0.164,-0.142,0.084,0.061
2012,DAL,0.036,0.027,0.087,0.061,0.002
2012,DEN,0.058,0.356,0.199,-0.151,0.006
2012,DET,-0.045,-0.01,0.107,0.066,-0.051
2012,GB,0.239,0.235,0.19,-0.047,-0.002
2012,HOU,0.046,0.102,0.016,-0.162,-0.077
2012,IND,-0.135,-0.152,0,0.161,0.009
2012,JAX,-0.124,-0.334,-0.197,0.108,-0.03
2012,KC,0.034,-0.407,-0.238,0.149,-0.02
2012,LAC,-0.038,-0.066,-0.086,0.01,0.03
2012,LAR,-0.47,0.008,-0.042,-0.084,-0.034
2012,MIA,-0.115,-0.07,-0.066,0.008,0.004
2012,MIN,-0.176,0.105,0.013,-0.045,0.047
2012,NE,0.379,0.353,0.278,-0.021,0.055
2012,NO,0.152,-0.017,0.097,0.091,-0.023
2012,NYG,0.082,0.108,0.108,0.021,0.02
2012,NYJ,0.093,-0.154,-0.197,-0.057,-0.015
2012,OAK,-0.07,-0.303,-0.107,0.139,-0.058
2012,PHI,0.048,-0.249,-0.108,0.118,-0.022
2012,PIT,0.205,-0.048,-0.034,0.013,-0.001
2012,SEA,-0.151,0.348,0.183,-0.108,0.057
2012,SF,-0.069,0.292,0.142,-0.165,-0.015
2012,TB,-0.051,-0.072,0.001,0.03,-0.043
2012,TEN,-0.012,-0.277,-0.194,0.069,-0.014
2012,WAS,-0.043,0.078,0.138,0.017,-0.043
2013,ARI,-0.112,0.123,0,-0.164,-0.041
2013,ATL,0.041,-0.074,0.041,0.114,-0.001
2013,BAL,0.124,-0.095,-0.219,-0.061,0.063
2013,BUF,-0.149,-0.086,-0.107,-0.077,-0.056
2013,CAR,0.155,0.215,0.074,-0.131,0.01
2013,CHI,-0.011,0.037,0.124,0.107,0.02
2013,CIN,0.053,0.154,0.02,-0.121,0.012
2013,CLE,-0.102,-0.252,-0.146,0.115,0.009
2013,DAL,-0.068,0.047,0.101,0.088,0.034
2013,DEN,0.198,0.335,0.299,-0.046,-0.01
2013,DET,-0.026,0.03,0.005,-0.029,-0.004
2013,GB,0.235,-0.026,0.087,0.11,-0.003
2013,HOU,0.059,-0.226,-0.143,0.032,-0.051
2013,IND,-0.071,0.029,0.03,0,-0.001
2013,JAX,-0.22,-0.375,-0.281,0.119,0.025
2013,KC,-0.169,0.13,0.011,-0.042,0.078
2013,LAC,-0.074,0.058,0.219,0.169,0.008
2013,LAR,-0.173,0.063,-0.097,-0.097,0.063
2013,MIA,-0.09,-0.103,-0.023,0.057,-0.024
2013,MIN,-0.148,-0.063,-0.037,0.064,0.038
2013,NE,0.274,0.162,0.146,0.051,0.067
2013,NO,0.077,0.2,0.129,-0.096,-0.025
2013,NYG,0.024,-0.102,-0.17,-0.119,-0.051
2013,NYJ,-0.071,-0.084,-0.15,-0.046,0.021
2013,OAK,-0.167,-0.319,-0.15,0.098,-0.071
2013,PHI,-0.035,0.161,0.215,0.025,-0.028
2013,PIT,0.03,-0.028,0.028,0.061,0.005
2013,SEA,0.21,0.358,0.072,-0.239,0.047
2013,SF,0.149,0.166,0.055,-0.074,0.037
2013,TB,0.043,-0.097,-0.119,-0.037,-0.015
2013,TEN,-0.174,-0.101,0.003,0.072,-0.032
2013,WAS,0.186,-0.254,-0.083,0.052,-0.12
2014,ARI,-0.044,-0.028,-0.052,-0.046,-0.022
2014,ATL,-0.042,-0.051,0.055,0.136,0.03
2014,BAL,-0.06,0.213,0.075,-0.058,0.08
2014,BUF,-0.022,0.087,-0.106,-0.13,0.062
2014,CAR,0.013,-0.065,-0.05,-0.04,-0.055
2014,CHI,0.088,-0.171,-0.023,0.117,-0.031
2014,CIN,0.041,0.066,-0.004,-0.029,0.042
2014,CLE,-0.138,-0.116,-0.115,0.005,0.004
2014,DAL,-0.079,0.19,0.174,-0.008,0.009
2014,DEN,0.237,0.326,0.187,-0.175,-0.037
2014,DET,-0.073,0.054,-0.031,-0.142,-0.057
2014,GB,0.151,0.228,0.225,-0.027,-0.023
2014,HOU,-0.084,-0.007,-0.038,-0.069,-0.039
2014,IND,0.002,0.085,0.008,-0.045,0.033
2014,JAX,-0.141,-0.342,-0.271,0.034,-0.036
2014,KC,-0.056,0.113,0.039,-0.006,0.067
2014,LAC,0.104,0.002,0.086,0.056,-0.027
2014,LAR,-0.028,-0.017,-0.092,-0.04,0.035
2014,MIA,-0.06,0.002,0.088,0.025,-0.061
2014,MIN,-0.014,-0.152,-0.086,0.096,0.03
2014,NE,0.138,0.216,0.119,-0.04,0.057
2014,NO,0.122,0.022,0.106,0.101,0.016
2014,NYG,-0.058,-0.076,-0.006,0.064,-0.006
2014,NYJ,-0.033,-0.143,-0.092,0.043,-0.008
2014,OAK,-0.185,-0.282,-0.193,0.072,-0.017
2014,PHI,0.065,0.157,0.033,-0.042,0.083
2014,PIT,0.03,0.101,0.192,0.099,0.009
2014,SEA,0.161,0.296,0.146,-0.167,-0.017
2014,SF,0.102,0.039,-0.003,-0.072,-0.03
2014,TB,-0.011,-0.306,-0.243,0.055,-0.008
2014,TEN,-0.06,-0.263,-0.155,0.09,-0.018
2014,WAS,-0.064,-0.276,-0.097,0.125,-0.054
2015,ARI,-0.05,0.304,0.188,-0.156,-0.04
2015,ATL,0.027,-0.126,-0.034,0.072,-0.021
2015,BAL,0.055,-0.04,-0.027,0.086,0.073
2015,BUF,-0.058,-0.011,0.068,0.094,0.015
2015,CAR,-0.037,0.237,0.083,-0.177,-0.024
2015,CHI,-0.071,-0.065,0.07,0.123,-0.012
2015,CIN,0.061,0.276,0.148,-0.106,0.022
2015,CLE,-0.102,-0.233,-0.139,0.101,0.007
2015,DAL,0.039,-0.172,-0.121,0.068,0.018
2015,DEN,0.146,0.171,-0.054,-0.218,0.007
2015,DET,0.037,0.061,0.024,-0.027,0.01
2015,GB,0.085,0.116,0.034,-0.078,0.004
2015,HOU,-0.085,-0.031,-0.081,-0.107,-0.057
2015,IND,0.052,-0.158,-0.134,0.029,0.005
2015,JAX,-0.165,-0.191,-0.049,0.133,-0.009
2015,KC,0.052,0.256,0.095,-0.141,0.02
2015,LAC,0.054,-0.165,-0.014,0.098,-0.053
2015,LAR,0.077,0.042,-0.13,-0.148,0.024
2015,MIA,-0.039,-0.207,-0.088,0.093,-0.027
2015,MIN,0.044,0.129,0.008,-0.082,0.039
2015,NE,0.184,0.234,0.131,-0.064,0.039
2015,NO,0.012,-0.179,0.066,0.213,-0.032
2015,NYG,-0.035,-0.045,0.009,0.107,0.054
2015,NYJ,0,0.09,-0.003,-0.122,-0.029
2015,OAK,-0.103,0.001,-0.012,-0.014,-0.001
2015,PHI,0.042,-0.136,-0.104,0.051,0.019
2015,PIT,0.061,0.189,0.164,-0.024,0.001
2015,SEA,0.235,0.354,0.18,-0.131,0.042
2015,SF,-0.038,-0.312,-0.17,0.107,-0.036
2015,TB,-0.152,-0.101,-0.009,0.045,-0.047
2015,TEN,-0.145,-0.27,-0.145,0.088,-0.038
2015,WAS,-0.182,0.004,0.012,0.039,0.032
2016,ARI,0.182,0.035,-0.026,-0.124,-0.063
2016,ATL,-0.065,0.31,0.248,-0.037,0.025
2016,BAL,0.072,0.065,-0.058,-0.074,0.049
2016,BUF,0.026,-0.045,0.075,0.102,-0.019
2016,CAR,0.067,-0.049,-0.085,-0.061,-0.025
2016,CHI,-0.093,-0.103,-0.036,0.061,-0.006
2016,CIN,0.041,0.011,0.063,0.025,-0.027
2016,CLE,-0.199,-0.338,-0.146,0.167,-0.025
2016,DAL,-0.021,0.245,0.218,-0.011,0.016
2016,DEN,0.01,0.012,-0.129,-0.163,-0.023
2016,DET,0.005,-0.125,0.004,0.164,0.035
2016,GB,0.085,0.105,0.14,0.017,-0.019
2016,HOU,-0.055,-0.173,-0.165,-0.057,-0.065
2016,IND,-0.026,-0.057,0.051,0.149,0.041
2016,JAX,-0.086,-0.117,-0.122,-0.028,-0.023
2016,KC,0.147,0.143,0.029,-0.036,0.078
2016,LAC,0.016,-0.005,-0.021,-0.064,-0.048
2016,LAR,0.01,-0.24,-0.344,-0.032,0.071
2016,MIA,-0.137,-0.012,0.003,0.023,0.008
2016,MIN,-0.003,0.007,-0.103,-0.095,0.015
2016,NE,0.177,0.254,0.161,-0.07,0.023
2016,NO,-0.019,-0.011,0.135,0.12,-0.026
2016,NYG,-0.026,0.069,-0.039,-0.096,0.012
2016,NYJ,-0.022,-0.306,-0.179,0.06,-0.068
2016,OAK,-0.028,0.066,0.118,0.055,0.003
2016,PHI,-0.086,0.095,-0.067,-0.086,0.075
2016,PIT,0.158,0.186,0.111,-0.076,-0.001
2016,SEA,0.244,0.09,-0.007,-0.098,-0.001
2016,SF,-0.158,-0.242,-0.115,0.124,-0.003
2016,TB,-0.042,-0.016,-0.02,-0.022,-0.018
2016,TEN,-0.085,-0.008,0.074,0.071,-0.011
2016,WAS,-0.089,0.097,0.17,0.077,0.004
2017,ARI,0.034,-0.073,-0.138,-0.12,-0.055
2017,ATL,0.035,0.084,0.111,0.015,-0.012
2017,BAL,0.036,0.131,-0.074,-0.114,0.092
2017,BUF,-0.119,-0.106,-0.118,0.017,0.029
2017,CAR,0.031,0.165,0.003,-0.115,0.047
2017,CHI,-0.062,-0.199,-0.17,0.005,-0.024
2017,CIN,0.007,-0.121,-0.061,0.037,-0.024
2017,CLE,-0.182,-0.281,-0.165,0.065,-0.051
2017,DAL,0.1,0.095,0.083,0.034,0.046
2017,DEN,-0.066,-0.196,-0.184,-0.062,-0.074
2017,DET,0.016,0.073,0.048,0.024,0.049
2017,GB,0.137,-0.071,-0.012,0.072,0.013
2017,HOU,-0.099,-0.172,-0.067,0.06,-0.045
2017,IND,-0.068,-0.218,-0.148,0.107,0.037
2017,JAX,-0.103,0.125,-0.016,-0.166,-0.025
2017,KC,0.038,0.142,0.172,0.084,0.053
2017,LAC,-0.021,0.062,0.107,-0.03,-0.075
2017,LAR,0.023,0.263,0.103,-0.092,0.068
2017,MIA,-0.074,-0.221,-0.141,0.107,0.026
2017,MIN,-0.029,0.33,0.133,-0.206,-0.009
2017,NE,0.265,0.223,0.227,0.066,0.063
2017,NO,-0.089,0.321,0.2,-0.109,0.012
2017,NYG,0.065,-0.281,-0.106,0.1,-0.075
2017,NYJ,-0.186,-0.182,-0.105,0.047,-0.03
2017,OAK,0.075,-0.073,0.01,0.08,-0.002
2017,PHI,0.037,0.225,0.093,-0.123,0.009
2017,PIT,0.233,0.229,0.167,-0.031,0.031
2017,SEA,0.166,0.017,0.002,-0.034,-0.02
2017,SF,-0.142,-0.076,-0.032,0.071,0.027
2017,TB,-0.047,-0.127,0.069,0.141,-0.055
2017,TEN,-0.015,-0.056,-0.021,0.051,0.016
2017,WAS,0.006,-0.048,-0.037,-0.013,-0.024
2018,ARI,-0.051,-0.376,-0.388,-0.002,0.01
2018,ATL,0.043,-0.043,0.061,0.118,0.014
2018,BAL,0.04,0.14,0.009,-0.101,0.03
2018,BUF,-0.233,-0.161,-0.267,-0.158,-0.051
2018,CAR,-0.019,0.003,0.073,0.068,-0.002
2018,CHI,-0.112,0.242,-0.008,-0.281,-0.032
2018,CIN,-0.028,-0.115,-0.048,0.093,0.026
2018,CLE,-0.032,-0.047,-0.021,-0.015,-0.042
2018,DAL,0.075,-0.015,-0.032,-0.038,-0.021
2018,DEN,-0.078,0.001,0.001,-0.043,-0.042
2018,DET,-0.02,-0.101,-0.066,0.027,-0.009
2018,GB,0.103,-0.069,0.073,0.101,-0.041
2018,HOU,0.008,0.089,-0.01,-0.063,0.035
2018,IND,-0.017,0.087,0.093,0.015,0.009
2018,JAX,-0.055,-0.068,-0.203,-0.091,0.044
2018,KC,-0.024,0.348,0.331,0.039,0.056
2018,LAC,-0.014,0.168,0.165,-0.031,-0.028
2018,LAR,0.134,0.239,0.242,0.001,-0.002
2018,MIA,-0.072,-0.184,-0.097,0.076,-0.011
2018,MIN,0.115,0.084,-0.022,-0.115,-0.009
2018,NE,0.18,0.133,0.131,-0.001,0.001
2018,NO,0.157,0.245,0.165,-0.063,0.017
2018,NYG,-0.146,-0.035,-0.016,0.064,0.045
2018,NYJ,-0.114,-0.148,-0.202,0.027,0.081
2018,OAK,-0.046,-0.219,-0.077,0.126,-0.016
2018,PHI,0.111,0.02,0.004,-0.013,0.002
2018,PIT,0.188,0.132,0.165,-0.001,-0.035
2018,SEA,0.03,0.039,0.074,0.013,-0.022
2018,SF,-0.049,-0.167,-0.127,0.043,0.003
2018,TB,-0.072,-0.142,0.063,0.164,-0.041
2018,TEN,-0.003,-0.056,-0.062,0.003,0.008
2018,WAS,0.002,-0.166,-0.171,0.021,0.025
2019,ARI,-0.113,-0.064,0.033,0.073,-0.024
2019,ATL,-0.018,-0.03,0.026,0.028,-0.029
2019,BAL,0.035,0.385,0.238,-0.133,0.015
2019,BUF,-0.131,0.002,-0.07,-0.084,-0.012
2019,CAR,0.014,-0.247,-0.125,0.081,-0.041
2019,CHI,0.017,-0.01,-0.103,-0.084,0.009
2019,CIN,-0.105,-0.262,-0.163,0.145,0.046
2019,CLE,-0.021,-0.113,-0.049,0.072,0.008
2019,DAL,0.043,0.179,0.212,-0.006,-0.039
2019,DEN,-0.119,-0.076,-0.111,-0.054,-0.019
2019,DET,0.017,-0.077,-0.009,0.082,0.014
2019,GB,0.055,0.082,0.058,-0.023,0.001
2019,HOU,0.028,-0.009,0.033,0.071,0.029
2019,IND,0,-0.054,-0.008,0.05,0.004
2019,JAX,-0.041,-0.197,-0.1,0.125,0.027
2019,KC,0.142,0.305,0.213,-0.051,0.041
2019,LAC,0.191,-0.082,0.044,0.075,-0.051
2019,LAR,0.14,0.084,0,-0.098,-0.015
2019,MIA,-0.255,-0.374,-0.149,0.212,-0.013
2019,MIN,0.013,0.166,0.037,-0.121,0.008
2019,NE,0.138,0.242,0.019,-0.211,0.012
2019,NO,0.205,0.353,0.203,-0.114,0.036
2019,NYG,-0.115,-0.201,-0.078,0.126,0.003
2019,NYJ,-0.072,-0.186,-0.262,-0.041,0.034
2019,OAK,-0.09,-0.103,0.051,0.131,-0.023
2019,PHI,0.071,0.037,0.026,-0.011,0
2019,PIT,0.128,-0.034,-0.201,-0.153,0.015
2019,SEA,0.065,0.105,0.142,0.028,-0.009
2019,SF,-0.021,0.31,0.098,-0.203,0.01
2019,TB,-0.15,0.013,-0.031,-0.072,-0.028
2019,TEN,0.037,0.054,0.113,0.024,-0.035
2019,WAS,-0.181,-0.259,-0.184,0.103,0.027
2020,ARI,-0.005,0.007,-0.007,-0.019,-0.006
2020,ATL,0.039,-0.039,-0.009,0.023,-0.007
2020,BAL,0.164,0.222,0.048,-0.101,0.074
2020,BUF,-0.016,0.27,0.153,-0.058,0.059
2020,CAR,-0.169,-0.036,0.01,0.055,0.008
2020,CHI,-0.025,-0.023,-0.121,-0.072,0.026
2020,CIN,-0.128,-0.208,-0.15,0.083,0.026
2020,CLE,-0.051,0.012,0.061,0.012,-0.037
2020,DAL,0.059,-0.106,-0.055,0.084,0.033
2020,DEN,-0.059,-0.19,-0.182,-0.013,-0.021
2020,DET,-0.013,-0.192,-0.015,0.197,0.019
2020,GB,-0.01,0.284,0.25,-0.061,-0.027
2020,HOU,-0.033,-0.136,0.046,0.171,-0.01
2020,IND,0.06,0.139,0.053,-0.066,0.02
2020,JAX,-0.089,-0.311,-0.142,0.168,-0.001
2020,KC,0.225,0.225,0.212,-0.007,0.005
2020,LAC,-0.032,-0.14,0.014,0.036,-0.118
2020,LAR,0.032,0.12,0.026,-0.153,-0.06
2020,MIA,-0.15,0.048,-0.027,-0.041,0.033
2020,MIN,-0.023,-0.11,0.054,0.07,-0.094
2020,NE,0.047,-0.027,-0.053,0.055,0.081
2020,NO,0.232,0.32,0.104,-0.181,0.036
2020,NYG,-0.088,-0.15,-0.115,0.052,0.017
2020,NYJ,-0.057,-0.3,-0.204,0.043,-0.053
2020,OAK,-0.018,-0.042,0.042,0.099,0.015
2020,PHI,0.041,-0.188,-0.152,0.019,-0.016
2020,PIT,0.07,0.15,-0.053,-0.189,0.013
2020,SEA,0.053,0.21,0.117,-0.025,0.068
2020,SF,0.04,0.026,-0.051,-0.098,-0.021
2020,TB,0.086,0.268,0.174,-0.124,-0.029
2020,TEN,-0.005,-0.001,0.138,0.095,-0.044
2020,WAS,-0.177,-0.055,-0.198,-0.132,0.011
2021,ARI,-0.037,0.107,0.036,-0.076,-0.004
2021,ATL,-0.114,-0.271,-0.132,0.129,-0.01
2021,BAL,0.176,-0.026,0.024,0.1,0.05
2021,BUF,0.113,0.273,0.078,-0.196,-0.001
2021,CAR,-0.112,-0.236,-0.215,0.006,-0.016
2021,CHI,-0.048,-0.086,-0.114,-0.008,0.021
2021,CIN,-0.082,0.037,0.014,-0.006,0.016
2021,CLE,0.019,0.053,0.032,-0.04,-0.019
2021,DAL,0.05,0.293,0.158,-0.114,0.021
2021,DEN,0.002,-0.077,-0.014,0.023,-0.039
2021,DET,-0.078,-0.258,-0.165,0.106,0.013
2021,GB,0.139,0.168,0.192,-0.024,-0.049
2021,HOU,-0.185,-0.241,-0.204,0.051,0.013
2021,IND,-0.006,0.093,0.056,-0.033,0.004
2021,JAX,-0.16,-0.306,-0.144,0.121,-0.042
2021,KC,0.155,0.204,0.191,0.024,0.037
2021,LAC,-0.086,0.039,0.136,0.073,-0.024
2021,LAR,0.071,0.249,0.103,-0.121,0.025
2021,MIA,0.022,-0.103,-0.109,-0.035,-0.029
2021,MIN,0.07,0.046,0.051,0.009,0.004
2021,NE,0.065,0.16,0.07,-0.09,0
2021,NO,0.086,0.019,-0.124,-0.141,0.003
2021,NYG,-0.087,-0.314,-0.274,0.053,0.013
2021,NYJ,-0.216,-0.23,-0.104,0.168,0.041
2021,OAK,-0.021,-0.004,-0.005,-0.01,-0.009
2021,PHI,-0.111,0.037,0.062,0.027,0.003
2021,PIT,0.049,-0.111,-0.119,-0.006,0.002
2021,SEA,0.111,0.132,0.121,0.014,0.025
2021,SF,0.082,0.213,0.135,-0.102,-0.024
2021,TB,0.201,0.239,0.242,-0.02,-0.024
2021,TEN,-0.048,-0.002,-0.026,-0.033,-0.01
2021,WAS,-0.021,-0.114,-0.03,0.095,0.01
2022,BUF,0.159,0.389,0.198,-0.141,0.05
2022,TB,0.122,0.007,0.006,-0.04,-0.04
2022,PHI,0.085,0.278,0.14,-0.133,0.005
2022,DAL,0.076,0.16,0.036,-0.106,0.018
2022,LAC,0.105,-0.014,-0.004,0.032,0.022
2022,BAL,0.096,0.21,0.079,-0.091,0.04
2022,LAR,0.096,-0.133,-0.107,0.013,-0.013
2022,MIN,0.069,-0.152,-0.055,0.059,-0.038
2022,NO,0.071,-0.032,-0.068,-0.051,-0.016
2022,GB,0.063,-0.008,0.057,0.061,-0.005
2022,KC,0.071,0.268,0.256,-0.02,-0.009
2022,DEN,0.046,-0.132,-0.125,-0.028,-0.034
2022,SF,0.012,0.271,0.12,-0.148,0.002
2022,NE,0.029,-0.012,-0.076,-0.106,-0.043
2022,CIN,0.039,0.209,0.121,-0.093,-0.005
2022,OAK,0.022,-0.065,0.03,0.107,0.011
2022,PIT,0.007,0.02,0.015,-0.03,-0.024
2022,MIA,0.002,0.088,0.12,0.001,-0.031
2022,DET,-0.062,0.057,0.112,0.072,0.018
2022,IND,-0.056,-0.293,-0.262,0.013,-0.019
2022,TEN,-0.046,-0.098,-0.065,0.017,-0.015
2022,HOU,-0.071,-0.284,-0.245,0.078,0.04
2022,ARI,-0.049,-0.203,-0.125,0.068,-0.01
2022,CHI,-0.077,-0.273,-0.08,0.193,0
2022,WAS,-0.101,-0.075,-0.139,-0.044,0.02
2022,JAX,-0.081,0.029,0.06,0.048,0.017
2022,CLE,-0.049,0.055,0.058,0.008,0.005
2022,ATL,-0.084,-0.04,0.08,0.145,0.025
2022,NYJ,-0.067,-0.047,-0.132,-0.095,-0.01
2022,SEA,-0.12,0.051,0.048,0.035,0.039
2022,CAR,-0.121,-0.118,-0.111,0.026,0.019
2022,NYG,-0.184,-0.096,0.025,0.109,-0.012
2023,BUF,0.165,0.242,0.202,-0.034,0.006
2023,DAL,0.16,0.191,0.088,-0.087,0.016
2023,KC,0.148,0.179,0.1,-0.05,0.029
2023,SF,0.127,0.394,0.318,-0.096,-0.02
2023,NYJ,0.108,-0.125,-0.299,-0.142,0.031
2023,PHI,0.105,0.011,0.083,0.114,0.042
2023,CIN,0.091,0.043,0.067,0.055,0.031
2023,CLE,0.083,0.088,-0.123,-0.207,0.003
2023,LAC,0.073,-0.032,0.002,0.075,0.041
2023,BAL,0.062,0.455,0.191,-0.233,0.032
2023,DET,0.051,0.17,0.138,-0.032,0
2023,MIA,0.049,0.176,0.209,0.024,-0.009
2023,PIT,0.032,0.078,0.003,-0.08,-0.004
2023,JAX,0.031,0.044,-0.013,-0.042,0.014
2023,NE,0.031,-0.159,-0.172,-0.044,-0.031
2023,ATL,0.021,-0.186,-0.098,0.058,-0.029
2023,NO,0.01,0.01,-0.006,-0.008,0.008
2023,OAK,-0.007,-0.053,-0.107,-0.046,0.009
2023,GB,0.006,0.017,0.129,0.082,-0.03
2023,SEA,-0.012,-0.001,0.062,0.082,0.019
2023,WAS,-0.015,-0.287,-0.104,0.16,-0.022
2023,DEN,-0.038,-0.119,-0.016,0.121,0.018
2023,NYG,-0.066,-0.266,-0.23,0.03,-0.006
2023,TB,-0.079,-0.012,-0.036,-0.024,0
2023,TEN,-0.087,-0.134,-0.101,0.014,-0.019
2023,MIN,-0.104,-0.072,-0.079,-0.039,-0.032
2023,LAR,-0.126,-0.003,0.122,0.034,-0.092
2023,ARI,-0.138,-0.204,-0.045,0.173,0.015
2023,CAR,-0.142,-0.353,-0.275,0.065,-0.012
2023,IND,-0.174,-0.038,0.019,0.026,-0.031
2023,CHI,-0.178,-0.071,-0.065,0.008,0.002
2023,HOU,-0.19,0.031,0.01,0,0.022
2024,SF,0.206,0.067,0.107,-0.016,-0.056
2024,BAL,0.177,0.414,0.352,-0.081,-0.019
2024,KC,0.152,0.149,0.108,-0.029,0.012
2024,HOU,0.135,0.053,-0.123,-0.153,0.023
2024,DET,0.107,0.349,0.199,-0.095,0.055
2024,DAL,0.101,-0.116,-0.123,0.039,0.046
2024,MIA,0.109,-0.098,-0.091,0.019,0.012
2024,CIN,0.072,0.07,0.14,0.064,-0.005
2024,NO,0.024,-0.106,-0.096,0.035,0.026
2024,BUF,0.119,0.228,0.207,-0.047,-0.027
2024,GB,0.064,0.245,0.173,-0.07,0.002
2024,CLE,0.054,-0.399,-0.317,0.04,-0.042
2024,LAR,0.045,0.052,0.098,0.044,-0.002
2024,NYJ,0.029,-0.114,-0.059,0.035,-0.02
2024,SEA,0.034,0.022,-0.039,-0.048,0.013
2024,PHI,-0.004,0.213,0.048,-0.162,0.003
2024,TB,-0.012,0.09,0.123,0.012,-0.021
2024,JAX,0.016,-0.177,-0.021,0.186,0.03
2024,MIN,-0.031,0.161,0.03,-0.155,-0.023
2024,TEN,-0.062,-0.335,-0.234,0.017,-0.084
2024,ATL,-0.05,-0.073,0.044,0.075,-0.041
2024,PIT,-0.074,0.063,-0.05,-0.06,0.053
2024,CAR,-0.138,-0.329,-0.116,0.192,-0.021
2024,NE,-0.095,-0.297,-0.187,0.121,0.011
2024,OAK,-0.073,-0.196,-0.178,0.017,-0.001
2024,IND,-0.106,-0.071,-0.051,0.009,-0.011
2024,LAC,-0.136,0.126,0.075,-0.05,0.001
2024,ARI,-0.101,0.088,0.084,-0.006,-0.002
2024,DEN,-0.133,0.162,-0.006,-0.124,0.044
2024,CHI,-0.105,-0.127,-0.131,0.037,0.041
2024,NYG,-0.156,-0.219,-0.136,0.066,-0.017
2024,WAS,-0.169,0.116,0.133,0.038,0.021
2025,BAL,0.241,,,,
2025,DET,0.204,,,,
2025,BUF,0.193,,,,
2025,KC,0.159,,,,
2025,WAS,0.159,,,,
2025,SF,0.137,,,,
2025,PHI,0.11,,,,
2025,GB,0.063,,,,
2025,CIN,0.056,,,,
2025,DEN,0.054,,,,
2025,LAR,0.048,,,,
2025,TB,0.038,,,,
2025,ARI,0.03,,,,
2025,CHI,0.007,,,,
2025,HOU,0.005,,,,
2025,MIN,0,,,,
2025,JAX,-0.006,,,,
2025,MIA,-0.016,,,,
2025,OAK,-0.022,,,,
2025,DAL,-0.033,,,,
2025,ATL,-0.043,,,,
2025,PIT,-0.046,,,,
2025,LAC,-0.046,,,,
2025,SEA,-0.05,,,,
2025,NE,-0.079,,,,
2025,NYG,-0.115,,,,
2025,IND,-0.126,,,,
2025,CLE,-0.137,,,,
2025,TEN,-0.174,,,,
2025,NYJ,-0.193,,,,
2025,NO,-0.2,,,,
2025,CAR,-0.221,,,,